scientific_name,common_name,category_key,rarity_hint,description,tips,created_at,photo_url
Acanthis flammea,Sizerin flammé,birds,epic,"Petit fringille brun strié, calotte rouge vif, bavette noire, poitrine teintée de rose chez le mâle. Souvent en bandes avec tarins.",Hivernant irrégulier des bouleaux et aulnes des plaines (nov-mars). À chercher mêlé aux tarins des aulnes au-dessus des cours d'eau bordés d'aulnaies.,2026-05-11 17:21:32.121165+00,
Accipiter gentilis,Autour des palombes,birds,rare,"Grand accipitridé, version XL de l'épervier, gris ardoise dessus, dessous blanc finement barré, sourcil blanc bien marqué. Très discret en forêt.","Grandes forêts feuillues et mixtes toute l'année. Cherche les vols nuptiaux en cercles serrés au-dessus de la canopée en mars-avril, sinon difficilement visible.",2026-05-11 17:25:50.984936+00,
Accipiter nisus,Épervier d'Europe,birds,common,"Petit accipitridé aux ailes courtes arrondies et longue queue. Mâle gris ardoise et roux barré dessous, femelle plus grande brune barrée.","Bois, bocages, jardins toute l'année. Cherche-le passant à toute vitesse entre les arbres ou en chasse-surprise dans une haie, ou planant haut au printemps.",2026-05-11 17:25:50.984936+00,
Acrocephalus arundinaceus,Rousserolle turdoïde,birds,rare,"Plus grande rousserolle d'Europe, taille d'une grive, brun roux uniforme, sourcil pâle. Chant fort et rauque « karre-karre-karre » distinctif.","Grandes roselières d'étangs et marais de mai à août. Écoute le chant puissant et grinçant qui porte loin, mâle parfois en évidence sur un roseau.",2026-05-11 17:21:32.121165+00,
Acrocephalus paludicola,Phragmite aquatique,birds,legendary,"Très rare petit phragmite à raies noires nettes sur la calotte, dos lisse strié. Espèce mondialement menacée, en passage strict.","En passage d'août-septembre dans les marais atlantiques et baies (Brière, Audomarois). Recherche très spécialisée, capture-baguage indispensable souvent.",2026-05-11 17:21:32.121165+00,
Acrocephalus palustris,Rousserolle verderolle,birds,rare,"Très semblable à l'effarvatte mais plumage plus olivâtre, pattes claires. Chant volubile mêlant nombreuses imitations d'autres oiseaux.","Friches humides à hautes herbes, orties, saules de mai à août. À identifier au chant : véritable mimétique virtuose, contrairement à l'effarvatte rythmée.",2026-05-11 17:21:32.121165+00,
Acrocephalus schoenobaenus,Phragmite des joncs,birds,rare,"Petite fauvette aquatique brun chamois strié, sourcil crème très marqué surmonté d'une raie sombre. Chant volubile entrecoupé d'imitations.","Roselières basses, prairies humides à carex de mai à août. Chante souvent en vol nuptial bref bondissant au-dessus de la végétation.",2026-05-11 17:21:32.121165+00,
Acrocephalus scirpaceus,Rousserolle effarvatte,birds,rare,"Petite fauvette aquatique brun chaud uniforme, sans marque, gorge blanchâtre. Chant rythmé en phrases répétées par 2-3 fois.","Roselières et phragmitaies de mai à août. Écoute le chant régulier émis depuis le couvert, rampe entre les tiges à mi-hauteur dans les massifs denses.",2026-05-11 17:21:32.121165+00,
Actitis hypoleucos,Chevalier guignette,birds,common,"Petit limicole trapu, brun olive dessus, dessous blanc avec « croissant » blanc remontant devant l'aile, queue battant constamment.","Berges de rivières, étangs, gravières surtout en passage. Cherche la queue agitée en balancier permanent et le vol bas raide aux ailes vibrantes typique.",2026-05-11 17:32:01.760665+00,
Aegithalos caudatus,Mésange à longue queue,birds,common,Minuscule boule de plumes rose et noir prolongée d'une longue queue noire à liserés blancs. Toujours en petites bandes bavardes.,"Lisières, bocages, jardins arborés. Suis les contacts aigus « tsi-tsi-tsi » d'un groupe qui traverse en file indienne.",2026-05-11 17:15:47.208986+00,
Aegolius funereus,Chouette de Tengmalm,birds,epic,"Petite chouette montagnarde à grande tête, face blanche encadrée de noir, gros yeux jaune vif, allure étonnée. Strictement nocturne.","Vieilles forêts de conifères d'altitude (Vosges, Jura, Alpes, Pyrénées). S'identifie au chant nocturne « pou-pou-pou-pou » rapide en mars-avril, plus que vue.",2026-05-11 17:25:50.984936+00,
Aegypius monachus,Vautour moine,birds,legendary,"Le plus grand rapace d'Europe, entièrement brun très sombre, tête nue grisâtre, allure de planche noire en vol. Réintroduit dans les Causses.","Causses (Lozère, Aveyron) et Verdon toute l'année. Cherche-le en vol planant haut avec les fauves, silhouette plus sombre et plus massive.",2026-05-11 17:25:50.984936+00,
Alauda arvensis,Alouette des champs,birds,common,"Passereau brun strié, petite huppe érectile, bord d'aile postérieur blanc. Chant interminable émis en vol stationnaire haut dans le ciel.","Plaines céréalières, prairies ouvertes toute l'année. Écoute le chant ininterrompu du mâle planant en point fixe très haut, surtout de mars à juillet.",2026-05-11 17:21:32.121165+00,
Alca torda,Pingouin torda,birds,epic,"Alcidé trapu noir et blanc, bec massif noir aplati barré d'une fine ligne blanche verticale, allure de petit pingouin. Niche en falaises.","Côtes de Bretagne et Manche en hivernage (octobre-mars), niche aux Sept-Îles. Cherche-le posé sur l'eau au large ou en vol direct rapide ras des vagues.",2026-05-11 17:32:01.760665+00,
Alcedo atthis,Martin-pêcheur d'Europe,birds,rare,"Petit oiseau spectaculaire au dos bleu turquoise iridescent, ventre orange vif, bec long en dague noir. Vol direct éclair au ras de l'eau.","Rivières lentes, étangs, canaux toute l'année. Repère le passage en flèche bleue au ras de l'eau, ou cherche-le posé immobile sur une branche basse surplombant l'eau.",2026-05-11 20:02:32.740404+00,
Alectoris graeca,Perdrix bartavelle,birds,epic,"Perdrix montagnarde proche de la rouge mais collier noir net et fin, flancs barrés plus contrastés, plus pâle. Strictement alpine en France.","Pelouses rocailleuses des Alpes au-dessus de 1500 m toute l'année. Cherche les groupes dans les éboulis ensoleillés, écoute le chant rappelant la rouge mais plus aigu.",2026-05-11 20:02:32.740404+00,
Alectoris rufa,Perdrix rouge,birds,rare,"Perdrix méridionale colorée, joues blanches cerclées d'un collier noir grené, flancs barrés noir, blanc et marron, bec et pattes rouges vif.","Garrigues, vignes, friches du sud et centre toute l'année. Cherche les groupes courant au sol entre les pierres, chant de séquence « tcheka-tcheka » caractéristique.",2026-05-11 20:02:32.740404+00,
Anarhynchus alexandrinus,Gravelot à collier interrompu,birds,epic,"Petit gravelot pâle sableux, collier seulement amorcé sur les côtés (interrompu sur la poitrine), pattes noires, calotte rousse chez le mâle.","Hauts de plages et lagunes méditerranéennes et atlantiques (mars-août). Espèce menacée, à chercher sur les plages préservées hors zones piétinées.",2026-05-11 17:32:01.760665+00,
Anas acuta,Canard pilet,birds,rare,"Canard élégant, mâle à tête brun chocolat, collier blanc remontant sur le cou, longue queue effilée pointue. Femelle élancée terne et longue.","Grands étangs, baies, vasières d'octobre à avril surtout. Cherche le mâle à la queue pointue caractéristique, plus haut sur l'eau que les autres canards.",2026-05-11 17:29:10.709741+00,
Anas crecca,Sarcelle d'hiver,birds,rare,"Plus petit canard d'Europe, mâle à tête marron barrée d'un large bandeau vert vif, miroir vert. Vol rapide en bandes serrées et nerveuses.","Étangs, marais, vasières d'octobre à mars surtout. Cherche les petites bandes nerveuses qui s'envolent en grappe explosive au moindre dérangement.",2026-05-11 17:29:10.709741+00,
Anas platyrhynchos,Canard colvert,birds,common,"Canard de surface le plus répandu, mâle à tête vert iridescent, collier blanc, poitrine brun marron. Femelle brun strié au miroir bleu violet.","Tous plans d'eau, parcs urbains, fossés toute l'année. Présent partout, le plus facile des canards à observer, souvent en couples ou groupes.",2026-05-11 17:29:10.709741+00,
Anser albifrons,Oie rieuse,birds,epic,"Oie hivernale au plumage brun strié de noir au ventre, front blanc cerné de noir bien visible chez l'adulte, bec rose. Très bavarde.",Prairies humides côtières (Atlantique surtout) de novembre à mars. Cherche le front blanc caractéristique et les rayures noires irrégulières sur le ventre.,2026-05-11 17:29:10.709741+00,
Anser anser,Oie cendrée,birds,rare,"La plus grande oie sauvage d'Europe, plumage gris-brun barré, bec et pattes orangés, croupion blanchâtre. Vol en V bruyant typique.","Prairies humides, baies, étangs en passage et hivernage (oct-mars). Cherche les groupes paissant en plaine, ou écoute les cris en vol nocturne au passage.",2026-05-11 17:29:10.709741+00,
Anser brachyrhynchus,Oie à bec court,birds,legendary,"Oie nordique gris bleuté, tête sombre, bec court rose et noir, pattes rose vif. Hivernante très occasionnelle en France.","Prairies humides côtières du Nord-Ouest, très rare et localisée (déc-février). À chercher mêlée aux oies cendrées et rieuses, identification fine au bec.",2026-05-11 17:29:10.709741+00,
Anser fabalis,Oie des moissons,birds,epic,"Oie nordique sombre à bec noir et orange (anneau orange), pattes orange vif, plumage plus brun que la cendrée. Hivernante locale.",Plaines céréalières du Nord et Est en hivernage (nov-février). À distinguer de la cendrée par le bec à motif orange limité et le plumage plus sombre.,2026-05-11 17:29:10.709741+00,
Anthus campestris,Pipit rousseline,birds,epic,"Pipit pâle sableux peu strié, long sourcil clair, pattes claires, allure élancée. Se tient droit sur ses longues pattes au sol nu.","Garrigues, coteaux secs, sables littoraux du sud et de l'ouest de mai à août. Cherche-le marchant entre les touffes éparses, mâle chante en vol bondissant.",2026-05-11 17:21:32.121165+00,
Anthus petrosus,Pipit maritime,birds,epic,"Pipit gris-brun foncé, pattes sombres, dessous fortement strié, peu de contraste. Lié exclusivement aux côtes rocheuses et estrans.","Côtes rocheuses bretonnes et normandes toute l'année. Cherche-le sautillant sur les rochers couverts d'algues entre les vagues, à marée basse.",2026-05-11 17:21:32.121165+00,
Anthus pratensis,Pipit farlouse,birds,rare,"Petit passereau brun strié de prairie, dessous chamois fortement strié de noir, pattes claires. Cri « pip-pip » à l'envol typique.","Prairies humides, landes ouvertes toute l'année, hivernant plus large. Cherche-le marchant au sol ou en vol nuptial montant puis chutant.",2026-05-11 17:15:47.208986+00,
Anthus spinoletta,Pipit spioncelle,birds,rare,"Pipit gris ardoise dessus, poitrine rosée en plumage nuptial, sourcil blanc marqué, pattes sombres. Tonalité plus contrastée que la farlouse.","Alpages et zones humides de montagne en été, plaines humides en hiver. Cherche-le marchant à découvert dans les pelouses rases d'altitude.",2026-05-11 17:21:32.121165+00,
Anthus trivialis,Pipit des arbres,birds,rare,"Pipit brun strié, poitrine chamois marquée de stries fines, sourcil discret. Vol nuptial parachuté typique depuis le sommet d'un arbre.","Clairières, coupes forestières, lisières d'avril à août. Cherche le vol nuptial : montée chantée puis descente en parachute jusqu'à un perchoir haut.",2026-05-11 17:21:32.121165+00,
Apus apus,Martinet noir,birds,common,"Silhouette en faucille toute noire, longues ailes arquées, vol extrêmement rapide. Ne se pose jamais hors du nid. Cris stridents.","Villes et villages de mai à août seulement. Cherche les rondes hurlantes au-dessus des toits par soirées chaudes, ou les vols haut en journée.",2026-05-11 17:15:47.208986+00,
Apus pallidus,Martinet pâle,birds,epic,"Très semblable au martinet noir mais plumage brun plus pâle, gorge blanche plus étendue, ailes plus larges et arrondies. Plus discret.","Côtes méditerranéennes et villes du sud d'avril à septembre. À distinguer du martinet noir par le contraste pâle et les ailes moins acérées, identification fine.",2026-05-11 20:02:32.740404+00,
Aquila chrysaetos,Aigle royal,birds,epic,"Très grand rapace brun chocolat à nuque dorée, longues ailes digitées, queue longue. Silhouette de planeur majestueux au-dessus des massifs.","Massifs montagneux (Alpes, Pyrénées, Massif central) toute l'année. Cherche-le planant haut au-dessus des crêtes, ailes légèrement relevées en V plat.",2026-05-11 17:25:50.984936+00,
Aquila fasciata,Aigle de Bonelli,birds,legendary,"Rapace puissant à longues ailes, dessous blanc strié de noir, tache claire au dos, queue grise à barre terminale noire nette. Très menacé.","Falaises et garrigues du Languedoc-Roussillon et Provence toute l'année. Espèce ultra-rare (<40 couples en France), observation à éloigner des sites de nidification.",2026-05-11 17:25:50.984936+00,
Ardea alba,Grande Aigrette,birds,rare,"Grande aigrette entièrement blanche, taille du héron cendré, bec jaune en hivernage et noir en nuptial, pattes sombres. Allure majestueuse.","Étangs, marais, prairies humides surtout d'octobre à mars (hivernage massif). Cherche-la postée immobile dans les zones inondées, parfois en petits groupes.",2026-05-11 17:29:10.709741+00,
Ardea cinerea,Héron cendré,birds,common,"Grand héron gris ardoise et blanc, long cou en S, bec jaunâtre dague, sourcil noir prolongé en aigrettes nuptiales. Vol plané lent à cou replié.","Tous plans d'eau, prairies humides, parfois champs labourés toute l'année. Cherche-le posté immobile au bord de l'eau ou des fossés, à l'affût des poissons.",2026-05-11 17:29:10.709741+00,
Ardea purpurea,Héron pourpré,birds,rare,"Héron plus élancé que le cendré, plumage roux pourpré, long cou ondulé strié de noir. Vol typique au cou replié en angle marqué.","Grandes roselières d'avril à septembre. Cherche-le posté dans les phragmites ou en vol bas au-dessus de la roselière, plus discret que le cendré.",2026-05-11 17:29:10.709741+00,
Ardeola ralloides,Crabier chevelu,birds,epic,"Petit héron chamois doré au repos, ailes éclatantes blanc pur visibles seulement en vol. Plumes nuptiales effilées sur la nuque (huppe).","Marais, rizières, étangs du sud (Camargue, Brenne) de mai à août. Cherche-le posté immobile dans les hautes herbes inondées, métamorphose en vol.",2026-05-11 17:29:10.709741+00,
Arenaria interpres,Tournepierre à collier,birds,rare,"Petit limicole trapu et bigarré, motifs noir, blanc et roux en plumage nuptial, pattes orange vif, bec court robuste. Retourne les pierres et algues.","Plages rocheuses, jetées, ports en passage et hivernage (août-mai). Cherche son comportement typique : retourner cailloux et goémons en quête de proies.",2026-05-11 17:32:01.760665+00,
Asio flammeus,Hibou des marais,birds,epic,"Hibou pâle chamois strié à très courtes aigrettes peu visibles, yeux jaunes cerclés de noir. Chasse en vol plané bas, souvent en plein jour.","Marais, prairies humides, dunes en hivernage (oct-mars). Cherche le vol bas et flottant au-dessus des herbes en fin d'après-midi, parfois en groupes.",2026-05-11 17:25:50.984936+00,
Asio otus,Hibou moyen-duc,birds,rare,"Hibou élancé brun strié, longues aigrettes érectiles, yeux orange vif. Très discret en journée, perché contre un tronc en plumage cryptique.","Bosquets, plantations de conifères, vieux nids de corvidés toute l'année. Cherche les dortoirs hivernaux collectifs dans les jeunes pins, jusqu'à 20 oiseaux.",2026-05-11 17:25:50.984936+00,
Athene noctua,Chevêche d'Athéna,birds,rare,"Petite chouette trapue à gros yeux jaunes, sourcils blancs marqués, plumage brun moucheté de blanc. Souvent diurne, posée à découvert.","Bocages, vieux vergers, granges isolées toute l'année. Souvent visible de jour postée sur un piquet ou faîte de toit, surtout matin et soir. Chant « kiouh » miaulé.",2026-05-11 17:25:50.984936+00,
Aythya ferina,Fuligule milouin,birds,rare,"Canard plongeur trapu, mâle à tête roux marron, poitrine et arrière noirs, corps gris pâle. Œil rouge brillant.","Lacs, gravières, étangs surtout d'octobre à mars. Cherche les radeaux de mâles roux flottants, ou les plongées brèves en quête de plantes immergées.",2026-05-11 17:29:10.709741+00,
Aythya fuligula,Fuligule morillon,birds,common,"Canard plongeur, mâle noir avec flancs blancs purs et longue huppe occipitale tombante. Femelle brun foncé à huppe plus courte.","Lacs, gravières, étangs d'octobre à mars surtout, parfois en été. Cherche la huppe occipitale et le contraste noir-blanc tranché des mâles en radeaux.",2026-05-11 17:29:10.709741+00,
Aythya marila,Fuligule milouinan,birds,epic,"Fuligule nordique trapu, mâle à tête noire à reflets verts, dos vermiculé gris pâle, flancs blancs. Sans huppe, contrairement au morillon.","Côtes de la Manche, grandes baies et estuaires d'octobre à mars. À distinguer du morillon par l'absence de huppe et le dos gris pâle vermiculé.",2026-05-11 17:29:10.709741+00,
Aythya nyroca,Fuligule nyroca,birds,epic,"Petit fuligule brun acajou uniforme, œil blanc éclatant chez le mâle, large sous-caudales blanches. Discret en bordure de roselières.","Étangs riches en végétation aquatique, Dombes et Brenne surtout. Très rare nicheur en France, hivernant régulier en petits nombres parmi milouins et morillons.",2026-05-11 17:29:10.709741+00,
Botaurus stellaris,Butor étoilé,birds,epic,"Héron trapu brun fauve strié de noir, parfaitement camouflé dans les roseaux. Posture verticale figée bec en l'air en cas d'alerte.","Grandes roselières inondées de janvier à juillet. S'identifie surtout au chant nuptial « bouhmm » en corne de brume audible à 3-5 km, observation visuelle exceptionnelle.",2026-05-11 17:29:10.709741+00,
Branta bernicla,Bernache cravant,birds,rare,"Petite bernache sombre, tête et cou noirs avec petite tache blanche latérale, dos brun, ventre clair, croupion blanc tranché.",Vasières et prés salés de la Manche et Atlantique d'octobre à mars. Cherche les groupes paissant sur les zostères découvertes à marée basse.,2026-05-11 17:29:10.709741+00,
Branta leucopsis,Bernache nonnette,birds,epic,"Petite bernache contrastée à face blanche cerclée d'une calotte noire, cou et poitrine noirs, dos gris barré. Très bavarde en groupe.","Côtes du Nord-Ouest et grands plans d'eau intérieurs d'octobre à mars. À chercher mêlée aux oies, identification facile à la face blanche tranchée.",2026-05-11 17:29:10.709741+00,
Bubo bubo,Grand-duc d'Europe,birds,epic,"Plus grand rapace nocturne d'Europe, envergure 1,80 m, plumage brun orangé strié, longues aigrettes, énormes yeux orange. Cri grave « bouhou ».","Falaises, carrières, gorges des massifs et collines toute l'année. S'identifie surtout au chant grave « bou-hou » émis au crépuscule de janvier à mars.",2026-05-11 17:25:50.984936+00,
Bubulcus ibis,Héron garde-bœufs,birds,rare,"Petit héron blanc trapu, bec et pattes jaunes, plumes nuptiales orangées sur tête, dos et poitrine. Toujours associé au bétail.","Prairies pâturées et marais du sud et centre toute l'année, en expansion vers le nord. Cherche-le marchant entre les vaches et chevaux dans les près.",2026-05-11 17:29:10.709741+00,
Bucephala clangula,Garrot à œil d'or,birds,rare,"Canard plongeur trapu, mâle à grosse tête verte luisante portant une tache blanche ronde sur la joue, œil jaune doré, flancs blancs.","Lacs, grands étangs, estuaires d'octobre à mars. Cherche la tête massive en goutte et la tache joue blanche très visible des mâles plongeurs.",2026-05-11 17:29:10.709741+00,
Burhinus oedicnemus,Œdicnème criard,birds,rare,"Limicole étrange à gros yeux jaunes ronds, plumage sable strié parfaitement camouflé, longues pattes jaunes, allure de poule trapue.","Plaines caillouteuses, vignes, friches sèches (avril-octobre). Discret de jour, s'identifie surtout au chant nocturne en « kourliii » mélancolique.",2026-05-11 17:32:01.760665+00,
Buteo buteo,Buse variable,birds,common,"Rapace trapu de taille moyenne, queue large et arrondie, plumage très variable du brun foncé au crème presque blanc. Vol plané en cercles à mi-hauteur.","Bordures de champs et lisières toute l'année. Cherche-la posée sur poteaux ou piquets isolés, ou en vol plané à mi-hauteur par beau temps.",2026-05-11 17:25:50.984936+00,
Buteo lagopus,Buse pattue,birds,legendary,"Buse nordique pâle, queue blanche barrée d'une large bande noire terminale, tarses emplumés. Vol stationnaire en chasse au-dessus des prairies.","Hivernante très rare des plaines du Nord-Est (déc-février). À chercher en vol stationnaire « Saint-Esprit » au-dessus des chaumes, queue blanche typique.",2026-05-11 17:25:50.984936+00,
Calandrella brachydactyla,Alouette calandrelle,birds,epic,"Petite alouette pâle sableuse, sourcil clair, tache sombre sur le côté du cou, vol bondissant. Bec court et pâle, allure menue.","Steppes méditerranéennes de la Crau et coteaux secs de mai à août. Marche au sol entre les touffes ras, mâle chante en vol papillonnant.",2026-05-11 17:21:32.121165+00,
Calcarius lapponicus,Bruant lapon,birds,legendary,"Bruant nordique trapu, mâle nuptial à tête noire et nuque rousse, hivernant terne brun strié. Vu en France surtout en plumage discret.","Hivernant rare des plaines côtières du Nord-Ouest (nov-mars). À chercher dans les chaumes et bandes de pipits farlouses, identification fine.",2026-05-11 17:21:32.121165+00,
Calidris alba,Bécasseau sanderling,birds,rare,"Petit bécasseau très pâle, gris perle et blanc en hiver, contraste avec épaule noire en plumage nuptial. Court ras des vagues sur le sable.",Plages sableuses surtout d'août à mai. Identifie-le à son comportement unique : courir à toute vitesse en suivant le ressac des vagues.,2026-05-11 17:32:01.760665+00,
Calidris alpina,Bécasseau variable,birds,common,"Petit limicole le plus commun, bec long légèrement courbé, plumage nuptial roux strié à grand ventre noir caractéristique. Bandes serrées sur vasières.",Vasières et estuaires toute l'année surtout en passage et hivernage. Cherche les très grandes bandes synchrones changeant d'aspect en vol au-dessus de la vase.,2026-05-11 17:32:01.760665+00,
Calidris canutus,Bécasseau maubèche,birds,rare,"Bécasseau trapu de taille moyenne, plumage hivernal gris uni discret, roux vif partout en nuptial. Forme des bandes denses qui se déplacent en nuages.",Grandes vasières atlantiques en passage et hivernage (août-mai). Cherche les énormes bandes serrées du Mont-Saint-Michel ou de l'Aiguillon en mouvement coordonné.,2026-05-11 17:32:01.760665+00,
Calidris ferruginea,Bécasseau cocorli,birds,rare,"Bécasseau élégant à bec long bien courbé vers le bas, croupion blanc tranché en vol, plumage nuptial roux brique éclatant ventre compris.","Vasières, lagunes en passage surtout d'août à octobre. Cherche le bec long courbé, plus grand que le variable, et le croupion blanc en vol.",2026-05-11 17:32:01.760665+00,
Calidris minuta,Bécasseau minute,birds,rare,"Tout petit bécasseau, plumage hivernal gris-blanc clair, pattes noires, sourcil blanc. Plus petit et plus pâle que le variable.","Vasières, lagunes en passage migratoire (mai, août-septembre). Cherche-le mêlé aux variables, plus petit et plus actif, court en saccades à grand pas.",2026-05-11 17:32:01.760665+00,
Calidris pugnax,Combattant varié,birds,rare,"Limicole trapu au dimorphisme extrême : mâle nuptial à collerette spectaculaire colorée variable, femelle plus petite brun strié uniforme.","Prairies humides, lagunes en passage (avril-mai, août-octobre). Cherche les groupes mixtes, mâles spectaculaires en avril, ailleurs femelles ternes plus discrètes.",2026-05-11 17:32:01.760665+00,
Caprimulgus europaeus,Engoulevent d'Europe,birds,rare,"Oiseau crépusculaire au plumage écorce parfait, longues ailes et queue, grande bouche pour gober les insectes en vol. Chant en ronronnement mécanique.","Landes, coupes forestières, garrigues claires de mai à août. S'identifie au chant continu en ronronnement émis au crépuscule, ou aux silhouettes en vol papillonnant.",2026-05-11 17:25:50.984936+00,
Carduelis carduelis,Chardonneret élégant,birds,common,"Petit fringille au visage rouge vif cerclé de blanc et noir, ailes noires barrées d'une large bande jaune éclatante en vol.","Friches, vergers, jardins fleuris. Cherche-le sur les têtes de chardons et cardères secs en été, ou en petites bandes musicales en hiver.",2026-05-11 17:15:47.208986+00,
Certhia brachydactyla,Grimpereau des jardins,birds,common,"Petit oiseau brun strié au-dessus, ventre blanc, bec long fin et courbe. Grimpe les troncs en spirale ascendante, queue rigide en appui.","Parcs, jardins arborés, forêts toute l'année. Cherche-le glissant sur les écorces rugueuses des vieux arbres, suis le cri aigu « ti-ti-ti » répété.",2026-05-11 17:21:32.121165+00,
Certhia familiaris,Grimpereau des bois,birds,rare,"Très semblable au grimpereau des jardins mais sourcil blanc plus marqué, bec un peu plus court. Chant descendant en cascade flûtée, différent.","Forêts montagneuses et mixtes du nord-est et des montagnes. À identifier surtout au chant : phrase mélodieuse descendante, contrairement aux jardins.",2026-05-11 17:21:32.121165+00,
Charadrius dubius,Petit Gravelot,birds,rare,"Petit limicole proche du grand mais bec entièrement noir, cercle oculaire jaune vif marqué, pas de bande blanche sur l'aile en vol.","Gravières, berges sablonneuses de rivières d'avril à août. Cherche-le sur les zones de gravier nu intérieures, jamais sur les vraies plages contrairement au grand.",2026-05-11 17:32:01.760665+00,
Charadrius hiaticula,Grand Gravelot,birds,rare,"Petit limicole brun dessus, ventre blanc, large collier noir net, bec orange à pointe noire, pattes orangées. Cri sifflé « tu-it » caractéristique.","Plages, vasières, estuaires en passage (avril-mai, août-octobre). Cherche-le courant en saccades sur le sable, gros bandeau noir typique très visible.",2026-05-11 17:32:01.760665+00,
Charadrius morinellus,Pluvier guignard,birds,epic,"Petit pluvier discret, plumage nuptial spectaculaire à ventre roux foncé et bande pectorale blanche, sourcil blanc épais cerclant la nuque. Très confiant.","En passage migratoire d'altitude et plaines (août-septembre, avril-mai). Cherche les petits groupes posés sur les pelouses rases de cols ou de plateaux moissonnés.",2026-05-11 20:02:32.740404+00,
Chlidonias hybrida,Guifette moustac,birds,epic,"Guifette plus grande, plumage nuptial à joues blanches très tranchées (« moustache »), ventre gris ardoise, calotte noire, bec rouge. Spectaculaire.","Étangs végétalisés du sud-ouest et Brenne, mai-août. Cherche le contraste joues blanches / ventre gris en plumage nuptial, vol papillonnant gracieux.",2026-05-11 17:32:01.760665+00,
Chlidonias niger,Guifette noire,birds,rare,"Petite guifette estivale au plumage nuptial spectaculaire entièrement noir et gris ardoise, ailes claires. Vol papillonnant léger au-dessus de l'eau.","Étangs, marais d'avril à septembre. Cherche le vol aérien capturant les insectes à la surface de l'eau, jamais le plongeon des sternes maritimes.",2026-05-11 17:32:01.760665+00,
Chloris chloris,Verdier d'Europe,birds,common,"Fringille trapu vert olive teinté de jaune, bec clair épais, larges plages jaunes sur ailes et queue visibles en vol.","Parcs, jardins, lisières. Repère le chant traînant « djuuiii » du mâle perché en hauteur au printemps, ou aux mangeoires en hiver.",2026-05-11 17:15:47.208986+00,
Chroicocephalus ridibundus,Mouette rieuse,birds,common,"Mouette de taille moyenne, capuchon brun chocolat en nuptial (point noir derrière l'œil en hiver), ailes blanches à pointe blanche. Cris rauques typiques.","Étangs, fleuves, côtes, terres labourées toute l'année. La mouette la plus répandue, en bandes très bruyantes derrière les charrues ou aux points d'eau.",2026-05-11 17:32:01.760665+00,
Ciconia ciconia,Cigogne blanche,birds,rare,"Grand échassier blanc à rémiges noires, bec et longues pattes rouges vif. Vol plané majestueux à cou tendu, nid sur les toits et pylônes.","Plaines humides, prairies, villages d'Alsace, du Centre-Ouest et progression vers le sud. Visible aux nids dès février, ou en passage migratoire massif en août.",2026-05-11 17:29:10.709741+00,
Ciconia nigra,Cigogne noire,birds,epic,"Grand échassier au plumage noir à reflets verts et pourprés, ventre blanc, bec et pattes rouges. Beaucoup plus forestière et discrète que la blanche.","Grandes forêts à étangs, surtout en passage migratoire (avril, sept). À chercher en vol plané au-dessus des massifs ou aux étangs forestiers calmes.",2026-05-11 17:29:10.709741+00,
Cinclus cinclus,Cincle plongeur,birds,rare,"Oiseau trapu brun chocolat à plastron blanc éclatant, vit dans les torrents et plonge sous l'eau pour chasser. Queue courte redressée.","Torrents et rivières vives de montagne et collines toute l'année. Cherche-le posé sur un rocher émergé, plongeant brièvement contre le courant.",2026-05-11 17:21:32.121165+00,
Circaetus gallicus,Circaète Jean-le-Blanc,birds,epic,"Grand rapace estival au-dessous blanc moucheté, tête volumineuse brune contrastée, queue barrée. Spécialiste des serpents qu'il chasse en vol stationnaire.","Forêts ouvertes et garrigues du sud, mais aussi centre-France, d'avril à septembre. Cherche le vol stationnaire haut au-dessus des coteaux secs.",2026-05-11 17:25:50.984936+00,
Circus aeruginosus,Busard des roseaux,birds,rare,"Plus grand busard, allure plus lourde, mâle au dos brun et plages tricolores (gris, brun, noir), femelle brun chocolat à calotte crème.","Roselières, étangs, marais, plaines humides toute l'année. Cherche le vol bas plané au-dessus des phragmitaies, ailes en V marqué et flottement caractéristique.",2026-05-11 17:25:50.984936+00,
Circus cyaneus,Busard Saint-Martin,birds,rare,"Busard élancé, mâle gris pâle à bouts d'ailes noirs nets, femelle brune au croupion blanc éclatant. Vol bas et flottant aux ailes en V.","Plaines céréalières, marais, landes toute l'année. Cherche le vol bas et balancé au-dessus des chaumes en hiver, ou dortoirs collectifs en plaine.",2026-05-11 17:25:50.984936+00,
Circus pygargus,Busard cendré,birds,rare,"Busard plus fin et plus élégant que le Saint-Martin, mâle gris cendré à barre noire sur l'aile, femelle brune très semblable. Estival strict.","Plaines céréalières d'avril à août. Cherche le vol nuptial en montagnes russes du mâle, ou les femelles glissant lentement au-dessus du blé.",2026-05-11 17:25:50.984936+00,
Cisticola juncidis,Cisticole des joncs,birds,rare,"Minuscule passereau brun strié à queue courte, croupion non strié. Vol nuptial onduleux en émettant un « tzip-tzip-tzip » régulier.","Friches herbacées, prairies sèches du sud et de l'ouest. Cherche le vol nuptial en festons au-dessus du champ, mâle invisible au sol sinon.",2026-05-11 17:15:47.208986+00,
Clamator glandarius,Coucou geai,birds,epic,"Coucou méridional plus grand que le gris, dos brun moucheté de blanc, longue queue étagée, huppe érectile sur la tête. Parasite la pie bavarde.","Garrigues, oliveraies, vignes du sud (Provence, Languedoc) de mars à juillet. Cherche-le posé en évidence, criant « kerrr-kerrr » près des colonies de pies.",2026-05-11 20:02:32.740404+00,
Coccothraustes coccothraustes,Gros-bec casse-noyaux,birds,rare,"Fringille massif à énorme bec gris bleuté, plumage chamois roux, tête brun orangé, large barre alaire blanche en vol.","Vieux parcs et forêts à charmes et merisiers. Très discret, à chercher en hiver aux mangeoires de campagne ou au sol sous les arbres fruitiers.",2026-05-11 17:15:47.208986+00,
Coloeus monedula,Choucas des tours,birds,common,"Petit corvidé noir gris ardoise, nuque gris pâle, œil clair perçant. Niche en colonies dans clochers, vieilles tours et cavités d'arbres.","Villes, villages, falaises, vieilles forêts toute l'année. Cherche les bandes bruyantes tournoyant autour des clochers à l'aube et au crépuscule.",2026-05-11 17:21:32.121165+00,
Columba livia,Pigeon biset,birds,common,"Ancêtre sauvage du pigeon de ville, plumage variable typiquement gris-bleu à deux barres alaires noires, croupion blanc. Vrais sauvages sur falaises côtières.","Falaises côtières (Bretagne, Manche) pour les vrais sauvages, partout en ville pour les domestiques retournés. Cherche les bandes en vol direct rapide.",2026-05-11 20:02:32.740404+00,
Columba oenas,Pigeon colombin,birds,rare,"Pigeon discret intermédiaire en taille, plumage gris bleuté uniforme sans tache blanche au cou, deux barres alaires noires courtes. Niche en cavités d'arbres.","Vieilles forêts à arbres creux, parcs anciens d'avril à septembre. À distinguer du ramier par l'absence de blanc au cou, chant en « houh-roup » doux et grave.",2026-05-11 20:02:32.740404+00,
Columba palumbus,Pigeon ramier,birds,common,"Plus grand pigeon d'Europe, plumage gris bleuté à poitrine vineuse, large croissant blanc sur le cou, barres alaires blanches très visibles en vol.","Forêts, bocages, parcs urbains toute l'année. Cherche les bandes massives au sol dans les chaumes en automne, ou le claquement d'ailes typique à l'envol.",2026-05-11 20:02:32.740404+00,
Coracias garrulus,Rollier d'Europe,birds,epic,"Oiseau spectaculaire bleu turquoise éclatant à dos brun roux, taille de pie, bec noir robuste. Vol acrobatique en cabrioles nuptiales caractéristiques.","Plaines de la Crau, Languedoc et Drôme provençale de mai à août. Cherche-le posté en évidence sur un fil ou un piquet en milieu chaud et ouvert, inratable au bleu turquoise.",2026-05-11 20:02:32.740404+00,
Corvus corax,Grand Corbeau,birds,rare,"Plus grand passereau du monde, entièrement noir, bec massif crochu, queue cunéiforme en vol. Croassement profond « cronk » puissant.","Falaises, grandes forêts, montagnes toute l'année. Cherche les couples planant haut en cercles, ou écoute le « cronk » grave qui porte sur des kilomètres.",2026-05-11 17:21:32.121165+00,
Corvus corone,Corneille noire,birds,common,"Grand corvidé entièrement noir mat, bec robuste droit, plumage uniforme sans reflets vifs. Cri « krâ-krâ » sec et rauque répété.",Partout en campagne et en ville toute l'année. Marche au sol dans les champs ou se perche en évidence sur poteaux et arbres isolés.,2026-05-11 17:21:32.121165+00,
Corvus frugilegus,Corbeau freux,birds,common,"Corvidé noir à reflets pourprés, face nue grisâtre dépourvue de plumes chez l'adulte, bec long pointu. Vit en colonies bruyantes.","Plaines agricoles, alignements d'arbres toute l'année. Cherche les corbeautières aux nids volumineux dans les grands arbres, bandes en vol au crépuscule.",2026-05-11 17:21:32.121165+00,
Coturnix coturnix,Caille des blés,birds,rare,"Plus petit galliforme d'Europe, taille de merle, brun strié parfaitement camouflé, mâle à gorge brune ou noire selon morphe. Chant trisyllabique typique.","Plaines céréalières et prairies de fauche d'avril à août. Présence détectée à l'oreille par le chant « paye-tes-dettes » émis depuis les blés, vue exceptionnelle.",2026-05-11 20:02:32.740404+00,
Crex crex,Râle des genêts,birds,legendary,"Rallidé terrestre brun-roux strié, allure de petit galliforme, ailes rousses visibles en vol bref. Migrateur strict, en effondrement national.","Prairies de fauche humides (vallée de la Saône, Anjou) de mai à août. S'identifie quasi exclusivement au chant nocturne en « crex-crex » rauque répété, vue exceptionnelle.",2026-05-11 20:02:32.740404+00,
Cuculus canorus,Coucou gris,birds,rare,"Oiseau allongé gris ardoise dessus, dessous blanc finement barré, allure d'épervier en vol. Parasite des nids de petits passereaux. Chant « cou-cou » universel.","Bocages, lisières, marais d'avril à août. S'identifie surtout au chant « cou-cou » du mâle émis depuis un perchoir, plus rarement à la vue en vol bas.",2026-05-11 20:02:32.740404+00,
Curruca communis,Fauvette grisette,birds,rare,"Fauvette à tête grise, gorge blanche très contrastée, ailes rousses chaudes. Vol nuptial dressé au-dessus des haies.","Bocages à haies épaisses, friches d'avril à août. Cherche le mâle effectuant son chant de parade en plein ciel au-dessus de la haie.",2026-05-11 17:15:47.208986+00,
Curruca curruca,Fauvette babillarde,birds,rare,"Plus petite et plus grise que la grisette, joues sombres, gorge blanche pure. Chant rapide en deux temps : gazouillis puis crécelle.","Haies hautes, broussailles, jardins arborés d'avril à août. Repère la crécelle finale typique « ti-ti-ti-ti » émise depuis le buisson.",2026-05-11 17:15:47.208986+00,
Curruca undata,Fauvette pitchou,birds,rare,"Petite fauvette méditerranéenne à longue queue redressée, dos gris ardoise, dessous vineux foncé, cercle oculaire rouge vif chez le mâle.",Garrigues à cistes et bruyères des côtes atlantiques et méditerranéennes toute l'année. Cherche-la se faufilant bas dans les buissons épineux.,2026-05-11 17:21:32.121165+00,
Cyanistes caeruleus,Mésange bleue,birds,common,"Petite mésange vive au front et calotte bleus, joues blanches barrées d'un trait noir, ventre jaune. Acrobate dans les feuillages.","Jardins, haies, parcs toute l'année. Fréquente assidûment les mangeoires à boules de graisse en hiver.",2026-05-11 17:15:47.208986+00,
Cygnus columbianus,Cygne de Bewick,birds,legendary,"Cygne nordique plus petit que le chanteur, bec noir à base jaune arrondie limitée. Cou tenu droit, cri haut perché flûté.",Hivernant rare des grandes plaines humides du Nord et Centre (déc-février). À distinguer du chanteur par la zone jaune du bec plus restreinte et arrondie.,2026-05-11 17:29:10.709741+00,